created_time,_id,positive,negative,neutral,compound,subjectivity,flair,flair score,aspect terms,aspect tb polarity,aspect tb subjectivity,aspect flair
2016-11-06T10:27:15+0000,,0,0,1,0,0.619047619047619,POSITIVE,0.856902122497559,corrupt/little/,-0.34375,0.75,-0.853928059339523
2016-07-19T00:34:08+0000,,0.677,0,0.323,0.6369,0.6,POSITIVE,0.995249271392822,,0,0,0
2016-06-25T05:20:30+0000,,0.112,0.19,0.698,-0.0082,0.425,NEGATIVE,-0.998942911624908,young/more/,0.3,0.45,0.973537653684616
2017-03-14T11:38:57+0000,,0.266,0,0.734,0.4404,0.6,POSITIVE,0.991479516029358,good/,0.7,0.6,0.931395173072815
2016-10-18T18:38:18+0000,,0,0,1,0,0,NEGATIVE,-0.977602183818817,,0,0,0
2017-02-07T14:29:45+0000,,0.125,0.263,0.612,-0.5023,0,POSITIVE,0.675354838371277,close/,0,0,0.928549408912659
2017-03-05T19:39:24+0000,,0,0,1,0,0.6,NEGATIVE,-0.979126870632172,different/,0,0.6,-0.909278690814972
2017-02-08T10:04:14+0000,,0.455,0,0.545,0.3612,0.5,POSITIVE,0.801437735557556,more/,0.5,0.5,0.992647409439087
2016-06-22T10:39:23+0000,,0,0,1,0,0,NEGATIVE,-0.947642385959625,,0,0,0
2016-11-30T14:50:32+0000,,0,0.294,0.706,-0.3612,0,NEGATIVE,-0.780782818794251,,0,0,0
2016-06-20T12:48:04+0000,,0.77,0,0.23,0.7717,0.9,POSITIVE,0.996323347091675,fantastic/,0.4,0.9,0.993227064609528
2016-06-23T22:44:22+0000,,0.381,0,0.619,0.7308,1,POSITIVE,0.965709090232849,grand/,0.5,1,0.985902428627014
2016-06-20T19:02:52+0000,,0.114,0,0.886,0.4019,0.383333333333333,POSITIVE,0.99073201417923,fundamental/,0,0,0.999440133571625
2017-03-24T15:54:54+0000,,0.347,0.347,0.306,0,0,POSITIVE,0.990832626819611,,0,0,0
2016-10-18T15:35:19+0000,,0.07,0.392,0.538,-0.8481,0.6,NEGATIVE,-0.999965310096741,useless/pathetic/,-0.75,0.6,-0.999923050403595
2016-05-28T19:30:23+0000,,0.068,0.095,0.838,-0.25,0.5,NEGATIVE,-0.978852450847626,cheap/,0.4,0.7,-0.99755185842514
2017-01-19T07:13:28+0000,,0.254,0,0.746,0.5267,0,POSITIVE,0.781674563884735,British/,0,0,0.95611697435379
2016-11-03T17:37:44+0000,,0.128,0.18,0.693,-0.296,0.596296296296296,NEGATIVE,-0.996642112731934,British/dangerous/sure/,-0.0333333333333333,0.596296296296296,0.314934134483337
2017-02-21T19:46:13+0000,,0.231,0,0.769,0.4019,0.108333333333333,POSITIVE,0.973376572132111,,0,0,0
2016-12-15T10:56:21+0000,,0.228,0.09,0.681,0.8176,0.4625,NEGATIVE,-0.999209642410278,enough/utter/ukip/moral/,0,0.4375,-0.286093890666962
2016-07-03T11:34:39+0000,,0,0,1,0,0,NEGATIVE,-0.991383254528046,,0,0,0
2016-04-16T21:45:24+0000,,0,0,1,0,0.1,POSITIVE,0.856462240219116,,0,0,0
2016-07-05T23:58:57+0000,,0,0,1,0,0.4,NEGATIVE,-0.996819257736206,narrow/minded/,-0.1,0.2,-0.000700831413269043
2017-03-23T12:34:08+0000,,0,0,1,0,0,POSITIVE,0.910381078720093,,0,0,0
2016-11-28T17:09:25+0000,,0,0,1,0,0,NEGATIVE,-0.895532429218292,,0,0,0
2016-10-20T07:54:42+0000,,0,0,1,0,0,NEGATIVE,-0.93197226524353,,0,0,0
2016-06-24T23:05:59+0000,,0,0,1,0,0,POSITIVE,0.964244723320007,,0,0,0
2016-06-17T00:14:09+0000,,0.082,0.094,0.824,-0.1027,0.51875,POSITIVE,0.988691091537476,private/individual/,0,0.3875,0.981919169425964
2016-06-28T02:16:23+0000,,0.084,0.077,0.839,0.0258,0.125,POSITIVE,0.957041800022125,independent/,0,0.125,0.998295485973358
2016-10-09T08:00:38+0000,,0,0,1,0,0.38,POSITIVE,0.997474849224091,near/,0.1,0.4,-0.577035665512085
2016-06-25T14:15:09+0000,,0.069,0.133,0.798,-0.296,0,NEGATIVE,-0.99329137802124,,0,0,0
2017-03-14T10:20:48+0000,,0,0,1,0,1,POSITIVE,0.997779190540314,,0,0,0
2016-11-08T16:35:18+0000,,0,0,1,0,0,POSITIVE,0.98389995098114,,0,0,0
2016-06-23T19:18:29+0000,,0,0,1,0,0,POSITIVE,0.979897797107697,,0,0,0
2016-11-29T18:08:00+0000,,0,0,1,0,0,POSITIVE,0.996581494808197,,0,0,0
2016-11-24T15:30:05+0000,,0,0,1,0,0,NEGATIVE,-0.998276114463806,,0,0,0
2017-03-21T12:50:02+0000,,0,0.254,0.746,-0.6249,0,NEGATIVE,-0.999145150184631,,0,0,0
2016-04-16T15:21:25+0000,,0,0.216,0.784,-0.8056,0.688888888888889,NEGATIVE,-0.995271384716034,CAMERON/,0,0,0.962982058525085
2016-12-31T23:06:13+0000,,0.425,0,0.575,0.5719,0.727272727272727,POSITIVE,0.993000268936157,Happy/,0.8,1,0.983936667442322
2016-06-17T16:48:18+0000,,0.104,0,0.896,0.2732,0.525,NEGATIVE,-0.994651138782501,,0,0,0
2016-06-18T17:01:47+0000,,0,0,1,0,0,NEGATIVE,-0.912173867225647,,0,0,0
2017-03-08T14:14:50+0000,,0,0,1,0,0,NEGATIVE,-0.987810909748077,,0,0,0
2016-06-20T00:00:42+0000,,0,0.271,0.729,-0.7443,1,NEGATIVE,-0.956786692142487,rational/,0,0,0.998505473136902
2016-10-13T18:06:11+0000,,0,0.364,0.636,-0.9331,0,NEGATIVE,-0.999270021915436,perverse/even lower/,0,0,-0.996483385562897
2016-10-02T20:16:54+0000,,0,0,1,0,0.1,NEGATIVE,-0.997267842292786,,0,0,0
2017-01-03T14:32:31+0000,,0,0,1,0,0.535714285714286,NEGATIVE,-0.728036046028137,right/,0.285714285714286,0.535714285714286,0.989590227603912
2016-06-25T05:10:50+0000,,0.097,0.228,0.675,-0.9053,0.529761904761905,NEGATIVE,-0.99940812587738,so afraid/islamophobic/irrational/gay/human/Islamic/,-0.0305555555555555,0.263888888888889,-0.309790720542272
2016-07-03T20:23:41+0000,,0,0.071,0.929,-0.296,0.625,NEGATIVE,-0.999709784984589,able/allied/,0.25,0.3125,0.207411140203476
2017-01-17T22:02:26+0000,,0,0,1,0,0.535714285714286,NEGATIVE,-0.57384192943573,,0,0,0
2017-02-25T12:25:24+0000,,0,0.252,0.748,-0.6929,0.333333333333333,NEGATIVE,-0.958638906478882,little/pre/-/inherent/,-0.046875,0.125,0.162827044725418
2016-06-26T14:51:21+0000,,0,0,1,0,0,POSITIVE,0.946094214916229,,0,0,0
2017-03-04T21:06:19+0000,,0.095,0.189,0.716,-0.5719,0.400909090909091,NEGATIVE,-0.999611556529999,Mental/grave/emotional/incapable/,-0.025,0.2125,-0.0465995520353317
2016-11-17T11:00:37+0000,,0.136,0.205,0.659,-0.1144,0.25,NEGATIVE,-0.968364775180817,Logical/,0.25,0.25,0.999739468097687
2017-03-27T14:30:26+0000,,0.105,0.081,0.814,0.1531,0.166666666666667,NEGATIVE,-0.999367535114288,English/,0,0,0.832335770130158
2016-12-27T22:07:20+0000,,0,0.042,0.958,-0.0258,0.666666666666667,NEGATIVE,-0.998364865779877,hysterical/rubbish/,-0.5,0.5,-0.236981004476547
2016-10-10T03:10:05+0000,,0,0,1,0,0.535714285714286,POSITIVE,0.999571263790131,right/,0.285714285714286,0.535714285714286,0.989590227603912
2017-01-08T15:38:16+0000,,0.575,0,0.425,0.8578,0.366666666666667,NEGATIVE,-0.621420741081238,good/European/,0.35,0.3,0.961943417787552
2016-06-22T14:06:21+0000,,0.213,0,0.787,0.4019,0,POSITIVE,0.995943486690521,,0,0,0
2016-12-29T09:23:24+0000,,0,0.241,0.759,-0.2263,0,NEGATIVE,-0.996700823307037,British/,0,0,0.95611697435379
2016-05-11T21:44:33+0000,,0.073,0,0.927,0.128,0.35,NEGATIVE,-0.70949000120163,most/Islamic/non/legal/,0.175,0.175,0.49218961596489
2017-01-30T22:52:07+0000,,0,0.333,0.667,-0.25,0,NEGATIVE,-0.992456078529358,,0,0,0
2017-02-06T15:31:43+0000,,0.136,0.056,0.808,0.4939,0.9,POSITIVE,0.595478951931,hilarious/reputable/,0.5,0.9,0.996791422367096
2017-01-06T20:36:56+0000,,0,0,1,0,0,NEGATIVE,-0.998588979244232,,0,0,0
2016-06-30T21:08:12+0000,,0,0,1,0,0,NEGATIVE,-0.966157138347626,,0,0,0
2016-06-27T09:55:54+0000,,0,0,1,0,0.0666666666666667,NEGATIVE,-0.846827507019043,last/,0,0.0666666666666667,0.641749799251556
2016-09-05T17:21:54+0000,,0,0,1,0,0,NEGATIVE,-0.950169682502747,,0,0,0
2017-03-27T04:22:30+0000,,0.045,0.195,0.76,-0.6551,1,NEGATIVE,-0.999232053756714,muslim/stupid/,-0.4,0.5,-0.913180977106094
2016-12-13T09:01:06+0000,,0,0,1,0,0,POSITIVE,0.985159873962402,,0,0,0
2016-07-15T17:48:59+0000,,0.326,0,0.674,0.7003,0.25,POSITIVE,0.995116710662842,French/underground/Greek/total/,0,0.1875,0.885289505124092
2017-03-21T23:18:08+0000,,0.167,0.137,0.696,0.1124,0.444444444444444,NEGATIVE,-0.953437924385071,sure/present/,0.25,0.444444444444444,0.989290982484818
2016-08-30T20:18:27+0000,,0,0,1,0,0,POSITIVE,0.999948978424072,,0,0,0
2016-06-23T10:58:03+0000,,0,0,1,0,0.2,NEGATIVE,-0.999518752098084,old/,0.1,0.2,-0.999815046787262
2017-01-25T15:53:47+0000,,0.085,0,0.915,0.6249,0.32962962962963,NEGATIVE,-0.988473355770111,,0,0,0
2016-11-23T20:35:47+0000,,0,0.312,0.688,-0.4588,0,POSITIVE,0.996623516082764,,0,0,0
2017-01-21T16:04:07+0000,,0.234,0.234,0.532,0,0.5,POSITIVE,0.966179609298706,,0,0,0
2017-03-27T19:09:24+0000,,0,0,1,0,0,POSITIVE,0.996164679527283,,0,0,0
2016-07-11T16:16:13+0000,,0.294,0,0.706,0.3612,0,NEGATIVE,-0.998744249343872,,0,0,0
2017-02-08T16:02:22+0000,,0,0,1,0,0.2,POSITIVE,0.868959546089172,,0,0,0
2016-12-30T21:50:54+0000,,0,0.076,0.924,-0.4215,0.5,POSITIVE,0.997708916664124,upper/lower/federal/own/,0.15,0.25,0.0363823175430298
2017-05-25T21:11:49+0000,,0,0,1,0,0,POSITIVE,0.993744313716888,,0,0,0
2016-05-17T17:13:35+0000,,0,0,1,0,0,POSITIVE,0.995303273200989,,0,0,0
2016-04-26T07:26:34+0000,,0,0,1,0,0,POSITIVE,0.932324469089508,,0,0,0
2017-03-01T14:30:50+0000,,0.083,0.061,0.856,0.2023,0.50952380952381,NEGATIVE,-0.999634861946106,bureaucratic/large/far concerned/,0.104761904761905,0.476190476190476,-0.301042298475901
2016-06-25T15:53:08+0000,,0.367,0.467,0.167,-0.1531,1,NEGATIVE,-0.979371070861816,,0,0,0
2016-11-24T18:13:19+0000,,0,0,1,0,0,POSITIVE,0.559253931045532,,0,0,0
2017-01-14T13:45:14+0000,,0,0,1,0,0.2,NEGATIVE,-0.999684572219849,,0,0,0
2016-11-18T16:07:15+0000,,0.107,0.056,0.837,0.2732,0,NEGATIVE,-0.779573678970337,English/uk/,0,0,0.846221148967743
2017-03-03T11:02:35+0000,,0,0,1,0,0.311355311355311,NEGATIVE,-0.968321084976196,bult/regular/simple/sufficient/drastic/,0,0.0868131868131868,-0.193283879756927
2016-07-21T19:35:03+0000,,0,0,1,0,0,POSITIVE,0.965959846973419,,0,0,0
2016-08-01T22:27:11+0000,,0.162,0,0.838,0.4404,0.166666666666667,NEGATIVE,-0.993454098701477,better/,0.5,0.5,0.981102883815765
2016-12-07T13:01:36+0000,,0.217,0,0.783,0.7022,0.25,POSITIVE,0.982662200927734,,0,0,0
2015-10-10T14:50:20+0000,,0,0,1,0,1,POSITIVE,0.961123049259186,,0,0,0
2017-01-30T20:03:07+0000,,0,0,1,0,0.6875,POSITIVE,0.759486675262451,,0,0,0
2016-05-15T23:00:49+0000,,0.492,0,0.508,0.4404,0.6,POSITIVE,0.995607316493988,good/,0.7,0.6,0.931395173072815
2017-03-18T18:26:33+0000,,0.408,0,0.592,0.7351,0,NEGATIVE,-0.9166499376297,underlying/,0,0,0.998558700084686
2017-03-22T11:51:56+0000,,0,0.447,0.553,-0.836,0.75,NEGATIVE,-0.99998939037323,bloody/worse/,-0.6,0.75,-0.99984547495842
2016-07-03T22:18:05+0000,,0,0,1,0,0,NEGATIVE,-0.999948620796204,,0,0,0
2017-02-01T15:20:02+0000,,0,0.149,0.851,-0.4215,0.288888888888889,NEGATIVE,-0.98253321647644,,0,0,0
2017-02-26T19:04:08+0000,,0,0,1,0,0,POSITIVE,0.995079398155212,,0,0,0
2016-12-29T14:33:33+0000,,0.172,0.058,0.77,0.5945,0.513293650793651,POSITIVE,0.91100937128067,other/more/emotional/whole/,0.14375,0.48125,0.958872765302658
2016-07-19T16:37:23+0000,,0.35,0.3,0.35,0.4318,0.8,NEGATIVE,-0.924170851707459,,0,0,0
2016-11-26T17:20:03+0000,,0,0,1,0,0.6875,NEGATIVE,-0.997552335262299,,0,0,0
2016-06-11T13:57:10+0000,,0.146,0.07,0.784,0.4019,0.227272727272727,POSITIVE,0.928053736686707,new/Ajax/SWEDISH/,0.0454545454545455,0.151515151515152,0.958583553632101
2016-06-26T01:55:01+0000,,0,0,1,0,0.5,NEGATIVE,-0.999718368053436,more/,0.5,0.5,0.992647409439087
2017-02-27T21:13:47+0000,,0,0.123,0.877,-0.2732,0.55,NEGATIVE,-0.993620097637177,massive/such/low/,0,0.6,-0.357573668162028
2016-11-30T16:09:15+0000,,0.607,0,0.393,0.4754,0.65,POSITIVE,0.996842384338379,so true/,0.35,0.65,0.997171580791473
2016-06-10T10:16:27+0000,,0.185,0.152,0.662,0.128,0.25,POSITIVE,0.643487811088562,fascist/,0,0,-0.999638319015503
2017-02-07T17:44:06+0000,,0,0,1,0,0,NEGATIVE,-0.821347534656525,tottenham/united/arsenal/,0,0,0.994683921337128
2016-06-07T09:11:21+0000,,0.057,0.202,0.741,-0.4471,0,NEGATIVE,-0.989910781383514,,0,0,0
2016-12-14T13:22:28+0000,,0.039,0,0.961,0.0762,0.595959595959596,NEGATIVE,-0.997751891613007,vast/new/,0.0681818181818182,0.727272727272727,0.872953772544861
2017-01-18T06:36:33+0000,,0.257,0,0.743,0.7845,0.417857142857143,POSITIVE,0.989460527896881,best/,1,0.3,0.996064603328705
2016-07-03T12:13:47+0000,,0,0,1,0,0,POSITIVE,0.504324734210968,,0,0,0
2016-07-14T07:02:31+0000,,0,0.166,0.834,-0.4201,0.7,NEGATIVE,-0.99941885471344,absolutely appalling/,-0.35,0.9,-0.999835968017578
2016-06-26T21:31:56+0000,,0.184,0,0.816,0.4019,0.336111111111111,NEGATIVE,-0.995784461498261,,0,0,0
2017-01-26T16:38:11+0000,,0,0.204,0.796,-0.4717,0.4,NEGATIVE,-0.980985462665558,,0,0,0
2016-11-26T19:49:52+0000,,0,0,0,0,0,POSITIVE,0.890068471431732,,0,0,0
2016-09-13T21:55:10+0000,,0,0,1,0,0.2375,NEGATIVE,-0.634660661220551,few/other/,-0.1625,0.2375,0.165125578641891
2016-02-27T16:46:53+0000,,0,0.54,0.46,-0.5719,1,NEGATIVE,-0.98936927318573,sorry/,-0.5,1,-0.998103499412537
2016-07-18T19:52:14+0000,,0.08,0.079,0.841,0.0098,0.217777777777778,NEGATIVE,-0.99654084444046,sure/second/slightly British/much/long/,0.13,0.297777777777778,0.264944386482239
2016-10-19T13:15:10+0000,,0.289,0.157,0.553,0.2748,1,NEGATIVE,-0.996540069580078,utterly disgusting/,-1,1,-0.99998414516449
2016-03-13T11:33:11+0000,,0.093,0.144,0.763,-0.6369,0.525925925925926,NEGATIVE,-0.989889621734619,serious/British/only/Parliamentary/,-0.0833333333333333,0.416666666666667,0.858992263674736
2016-06-22T15:01:08+0000,,0,0.762,0.238,-0.4939,0,NEGATIVE,-0.999935269355774,,0,0,0
2017-05-25T23:18:09+0000,,0,0.2,0.8,-0.6705,0.05,NEGATIVE,-0.999963402748108,,0,0,0
2016-06-28T22:33:16+0000,,0.091,0.105,0.804,-0.1779,0.425,NEGATIVE,-0.799902200698853,worried/only few/few/open/,-0.075,0.2875,-0.378588601946831
2017-01-21T20:33:29+0000,,0,0.218,0.782,-0.6956,0,NEGATIVE,-0.893804788589478,next/,0,0,0.899904370307922
2016-12-28T18:49:38+0000,,0,0.548,0.452,-0.8658,0.95,NEGATIVE,-0.993279039859772,worthless/racist/,-0.4,0.45,-0.999919176101685
2016-07-26T17:26:24+0000,,0,0,1,0,0,NEGATIVE,-0.988799631595612,,0,0,0
2016-01-13T13:28:09+0000,,0,0,1,0,0,POSITIVE,0.977864444255829,,0,0,0
2016-04-13T14:44:37+0000,,0,0,1,0,0,POSITIVE,0.605981290340424,,0,0,0
2016-11-22T23:24:18+0000,,0,0.63,0.37,-0.5267,1,NEGATIVE,-0.997639894485474,Stupid/,-0.8,1,-0.990953207015991
2016-10-17T18:04:14+0000,,0,0,1,0,0.433333333333333,NEGATIVE,-0.99947589635849,pure/,0.214285714285714,0.5,0.99836391210556
2017-02-04T12:39:03+0000,,0,0,1,0,0,POSITIVE,0.962069690227509,,0,0,0
2017-02-21T14:59:20+0000,,0,0,1,0,0,POSITIVE,0.994713366031647,,0,0,0
2016-06-02T20:24:19+0000,,0.126,0,0.874,0.0772,0.25,NEGATIVE,-0.921394526958466,many/,0.5,0.5,0.919796526432037
2017-01-29T09:13:36+0000,,0,0.174,0.826,-0.2755,0,POSITIVE,0.837433218955994,global/,0,0,0.996753871440888
2016-06-24T19:53:45+0000,,0.186,0,0.814,0.5511,0.3,POSITIVE,0.972388505935669,,0,0,0
2017-03-01T05:28:19+0000,,0.101,0.176,0.724,-0.3506,0.267857142857143,NEGATIVE,-0.875069499015808,embarrassing/British/,0,0,-0.0215899050235748
2017-02-22T19:11:20+0000,,0,0,1,0,0,POSITIVE,0.840000867843628,,0,0,0
2016-12-30T09:49:29+0000,,0,0.087,0.913,-0.296,0.647142857142857,POSITIVE,0.988249063491821,more/extreme/,0.1875,0.75,0.992617756128311
2017-03-18T19:34:41+0000,,0,0,1,0,0,POSITIVE,0.99968695640564,valid/,0,0,0.990414500236511
2016-06-21T22:24:45+0000,,1,0,0,0.4588,0.3,NEGATIVE,-0.969100654125214,,0,0,0
2016-05-19T19:49:05+0000,,0,0.172,0.828,-0.4019,0.517857142857143,NEGATIVE,-0.882442176342011,right/,0.285714285714286,0.535714285714286,0.989590227603912
2017-01-31T21:58:43+0000,,0,0.1,0.9,-0.1139,0.2,NEGATIVE,-0.998065292835236,democratic/advisory/,0,0,0.945966631174088
2016-09-06T14:46:52+0000,,0.313,0,0.687,0.7964,0.2,POSITIVE,0.790778994560242,legal/,0.2,0.2,0.978731513023377
2017-01-26T12:46:43+0000,,0.32,0,0.68,0.5106,0.55,NEGATIVE,-0.999631524085999,honest/,0.6,0.9,0.998367965221405
2016-11-03T20:12:14+0000,,0,0.253,0.747,-0.8316,0,POSITIVE,0.656270861625671,royal/,0,0,0.952505469322205
2016-12-31T02:12:06+0000,,0,0.311,0.689,-0.3089,0,NEGATIVE,-0.999444425106049,,0,0,0
2017-01-31T23:46:53+0000,,0.315,0.25,0.435,0.1531,0.1,NEGATIVE,-0.847421109676361,,0,0,0
2017-03-19T14:43:57+0000,,0.152,0,0.848,0.3612,0.35,POSITIVE,0.995700418949127,soft/,0.1,0.35,0.991245448589325
2016-06-27T12:52:26+0000,,0.169,0.095,0.736,0.4019,0.395833333333333,NEGATIVE,-0.651261031627655,super/independent/,0.166666666666667,0.395833333333333,0.997792989015579
2017-01-06T06:52:42+0000,,0.186,0.193,0.621,0.1882,0.708333333333333,NEGATIVE,-0.998817205429077,super rich/,0.354166666666667,0.708333333333333,0.993289411067963
2016-06-30T18:55:23+0000,,0.081,0.061,0.857,0.5859,0.421212121212121,NEGATIVE,-0.999974846839905,germanywhat/proper/first/sorry/middle/,-0.05,0.286666666666667,-0.229062724113464
2017-02-26T00:36:28+0000,,0.127,0,0.873,0.4404,0.2,POSITIVE,0.975547730922699,,0,0,0
2016-06-25T19:14:29+0000,,0,0.33,0.67,-0.6054,0.54,NEGATIVE,-0.939892053604126,,0,0,0
2016-08-23T10:08:02+0000,,0,0,1,0,0,POSITIVE,0.646495938301086,,0,0,0
2016-05-31T13:09:59+0000,,0,0,1,0,0,NEGATIVE,-0.97012209892273,,0,0,0
2016-09-13T12:33:49+0000,,0,0,1,0,0.7,NEGATIVE,-0.993593990802765,democratic/secret/,-0.2,0.35,0.829563289880753
2016-12-24T01:34:25+0000,,0,0,1,0,0,NEGATIVE,-0.998144865036011,Double/,0,0,-0.613696813583374
2017-02-02T18:47:30+0000,,0,0.237,0.763,-0.4767,0.575,NEGATIVE,-0.996667802333832,wrong/,-0.5,0.9,-0.994579553604126
2016-08-03T12:42:13+0000,,0,0.487,0.513,-0.5859,0.75,NEGATIVE,-0.999870777130127,,0,0,0
2017-02-22T07:44:01+0000,,0,0,1,0,0,NEGATIVE,-0.980173170566559,irn/,0,0,-0.999712646007538
2016-12-17T10:15:32+0000,,0.077,0,0.923,0.2732,0.875,POSITIVE,0.995974838733673,total/own/,0.3,0.875,0.981308937072754
2016-07-21T20:28:49+0000,,0.434,0,0.566,0.3182,0.65,POSITIVE,0.990991353988648,,0,0,0
2017-03-13T12:03:41+0000,,0,0,1,0,0,POSITIVE,0.987175285816193,,0,0,0
2017-03-05T15:06:50+0000,,0,0.236,0.764,-0.5267,0,NEGATIVE,-0.998876512050629,,0,0,0
2016-06-23T19:20:12+0000,,0.111,0.123,0.766,-0.0772,1,NEGATIVE,-0.991879642009735,Funny/as vocal/,0.125,0.5,0.995993614196777
2016-06-22T18:56:32+0000,,0,0,1,0,0,POSITIVE,0.990465998649597,,0,0,0
2016-06-29T11:04:47+0000,,0,0,1,0,0.32962962962963,NEGATIVE,-0.999837279319763,young/busy/,0.1,0.35,-0.0152610838413239
2016-06-21T16:08:21+0000,,0,0,1,0,0,POSITIVE,0.550460159778595,,0,0,0
2017-02-03T19:13:17+0000,,0,0,1,0,0,POSITIVE,0.999203383922577,,0,0,0
2016-08-29T20:48:06+0000,,0,0,1,0,0,NEGATIVE,-0.898376703262329,,0,0,0
2016-09-12T08:26:01+0000,,0,0.097,0.903,-0.3291,0.46,POSITIVE,0.846979796886444,negative/far earlier/historical/,-0.0833333333333333,0.383333333333333,-0.285013238588969
2017-03-02T18:48:23+0000,,0.131,0.181,0.688,-0.2023,0,NEGATIVE,-0.998098194599152,,0,0,0
2016-07-23T21:51:33+0000,,0.082,0,0.918,0.3612,0.354166666666667,NEGATIVE,-0.991276383399963,other/,-0.125,0.375,0.873019635677338
2016-06-21T14:25:06+0000,,0,0,1,0,0,NEGATIVE,-0.814645230770111,,0,0,0
2017-01-23T22:09:34+0000,,0.216,0,0.784,0.0258,0.875,NEGATIVE,-0.998749136924744,silly/,-0.5,0.875,-0.814039647579193
2016-11-23T00:03:02+0000,,0.072,0.079,0.849,-0.0516,0.566666666666667,NEGATIVE,-0.987636625766754,entire/huge/,0.2,0.7625,-0.00613135099411011
2016-10-17T17:54:10+0000,,0,0,1,0,0,NEGATIVE,-0.939628839492798,,0,0,0
2016-06-02T06:46:23+0000,,0,0,1,0,0.375,POSITIVE,0.98412412405014,other/,-0.125,0.375,0.873019635677338
2016-08-09T16:59:29+0000,,0.296,0.076,0.627,0.7941,0.744444444444445,POSITIVE,0.745652318000794,reputable/good/somewhat easy/,0.544444444444444,0.744444444444445,0.323972960313161
2016-03-22T22:31:54+0000,,0.132,0,0.868,0.4939,0.241666666666667,POSITIVE,0.896507203578949,big/,0,0.1,-0.755753993988037
2017-03-17T10:25:06+0000,,0.145,0.381,0.475,-0.887,0.433333333333333,NEGATIVE,-0.999041497707367,better/quite rude/,0.1,0.55,-0.00755864381790161
2016-09-20T15:17:20+0000,,0,0,1,0,0,NEGATIVE,-0.988684117794037,,0,0,0
2016-06-27T17:57:52+0000,,0.167,0.143,0.69,0.1139,0,NEGATIVE,-0.999699592590332,scottish/,0,0,0.994728028774262
2017-01-06T13:59:46+0000,,0,0,1,0,0,NEGATIVE,-0.995250105857849,,0,0,0
2016-12-03T17:10:38+0000,,0.364,0.263,0.373,0.2057,0,POSITIVE,0.952849209308624,,0,0,0
2017-02-13T20:52:45+0000,,0,0,1,0,0,NEGATIVE,-0.859585225582123,numpty/,0,0,-0.999805629253388
2016-11-13T05:04:55+0000,,0,0,1,0,0.2,POSITIVE,0.701830267906189,young/white/,0.05,0.2,0.868630915880203
2017-03-05T16:53:57+0000,,0.144,0.096,0.76,0.0516,0.5,POSITIVE,0.531087100505829,greater/more/bigger/,0.333333333333333,0.5,0.910271028677622
2017-01-24T13:58:35+0000,,0,0,1,0,0,NEGATIVE,-0.966421127319336,,0,0,0
2016-07-19T23:37:53+0000,,0,0,1,0,0,NEGATIVE,-0.9989954829216,,0,0,0
2016-03-02T08:32:41+0000,,0,0,1,0,0,NEGATIVE,-0.985843479633331,annual/,0,0,0.989660859107971
2016-06-08T18:00:11+0000,,0,0.667,0.333,-0.6124,0,NEGATIVE,-0.999709904193878,racist/,0,0,-0.999887704849243
2016-12-25T11:00:19+0000,,0,0,1,0,0.2,POSITIVE,0.992466628551483,,0,0,0
2017-01-30T20:59:34+0000,,0,0,1,0,0.75,NEGATIVE,-0.766713082790375,alien/,-0.25,0.75,-0.995862603187561
2016-12-11T09:53:57+0000,,0,0.348,0.652,-0.7003,0,POSITIVE,0.970728993415833,,0,0,0
2016-07-18T11:38:20+0000,,0.236,0.105,0.659,0.5267,0.45,POSITIVE,0.671702861785889,thier/various/intellectual/,0.1,0.3,0.338857054710388
2016-06-13T16:19:35+0000,,0.137,0,0.863,0.4341,0.0333333333333333,NEGATIVE,-0.640264928340912,public/international/so immune/,0,0.0222222222222222,0.923112730185191
2017-03-29T10:29:45+0000,,0,0.155,0.845,-0.296,0,NEGATIVE,-0.944161117076874,,0,0,0
2017-03-13T15:41:21+0000,,0.308,0.253,0.44,0.128,0,NEGATIVE,-0.993302345275879,,0,0,0
2016-07-23T09:13:48+0000,,0,0,1,0,0.1,NEGATIVE,-0.995435059070587,,0,0,0
2016-11-06T14:27:35+0000,,0,0,1,0,0,NEGATIVE,-0.723510384559631,,0,0,0
2016-12-15T04:47:28+0000,,0.394,0,0.606,0.6369,0,NEGATIVE,-0.9994335770607,,0,0,0
2015-08-19T12:27:19+0000,,0,0.392,0.608,-0.5439,1,NEGATIVE,-0.869225263595581,,0,0,0
2017-03-05T16:01:35+0000,,0.248,0,0.752,0.6808,0,NEGATIVE,-0.999921560287476,helpful/,0,0,0.915360510349274
2016-08-23T13:59:38+0000,,0.129,0.162,0.709,-0.1567,0.3,NEGATIVE,-0.960187196731567,,0,0,0
2016-07-24T08:21:25+0000,,0,0.239,0.761,-0.296,0,POSITIVE,0.990203738212585,biggest/,0,0,0.862594544887543
2017-03-27T18:03:57+0000,,0.368,0,0.632,0.872,0.75,NEGATIVE,-0.989154398441315,,0,0,0
2016-04-12T21:18:57+0000,,0,0,1,0,0,NEGATIVE,-0.998173475265503,offshore/,0,0,0.98566609621048
2016-07-01T12:01:06+0000,,0,0,1,0,0,NEGATIVE,-0.727225840091705,,0,0,0
2016-06-21T06:27:36+0000,,0,0.167,0.833,-0.1027,0,NEGATIVE,-0.996504783630371,,0,0,0
2016-11-12T10:56:29+0000,,0.184,0.126,0.69,0.25,0.375,NEGATIVE,-0.979869842529297,other/,-0.125,0.375,0.873019635677338
2017-05-28T23:05:01+0000,,0.592,0,0.408,0.4404,0.6,POSITIVE,0.997213065624237,,0,0,0
2017-02-15T17:40:28+0000,,0.407,0.222,0.37,0.25,0,POSITIVE,0.917599439620972,alert/,0,0,0.995770990848541
2016-11-07T04:37:53+0000,,0.403,0,0.597,0.4019,0,NEGATIVE,-0.832267224788666,,0,0,0
2016-10-13T12:50:30+0000,,0,0,1,0,0.1,POSITIVE,0.575008571147919,,0,0,0
2016-12-15T17:34:04+0000,,0,0,1,0,0.3,POSITIVE,0.999313712120056,real/,0.2,0.3,0.999257981777191
2016-06-10T18:38:19+0000,,0,0.174,0.826,-0.2263,0,NEGATIVE,-0.999654889106751,,0,0,0
2016-07-04T00:50:24+0000,,0,0,1,0,0,POSITIVE,0.985659956932068,,0,0,0
2016-07-01T17:01:21+0000,,1,0,0,0.5574,0.1,POSITIVE,0.999124944210053,,0,0,0
2016-06-29T11:35:54+0000,,0.492,0,0.508,0.4404,0.6,POSITIVE,0.970727562904358,Good/rid/,0.35,0.3,0.15180629491806
2016-10-30T13:30:34+0000,,0,0,1,0,1,NEGATIVE,-0.982125878334045,,0,0,0
2016-12-03T17:16:05+0000,,0,0,1,0,0.5,NEGATIVE,-0.985068500041962,Most/pro/-/EU/,0.125,0.125,0.946890830993652
2016-07-24T09:55:36+0000,,0,0,1,0,0,NEGATIVE,-0.999320864677429,,0,0,0
2016-08-15T21:37:01+0000,,0,0,1,0,0.8,NEGATIVE,-0.842559993267059,fucking/,-0.6,0.8,-0.990638256072998
2017-03-01T20:15:51+0000,,0,0,1,0,0.5,NEGATIVE,-0.999281466007233,more shite/,0.5,0.5,-0.995467782020569
2017-01-29T11:28:37+0000,,0.116,0.088,0.797,0.1779,0,NEGATIVE,-0.999759018421173,southern/,0,0,0.738500893115997
2016-06-22T13:22:07+0000,,0.156,0,0.844,0.34,0.285714285714286,NEGATIVE,-0.999376714229584,Scottish/European/,0,0,0.993609845638275
2016-05-18T11:32:39+0000,,0,0.291,0.709,-0.9694,0.558974358974359,NEGATIVE,-0.999963045120239,last/very impressed/capitalist/,0.333333333333333,0.355555555555556,0.218139588832855
2017-02-28T18:22:51+0000,,0,0,1,0,0,NEGATIVE,-0.989815711975098,,0,0,0
2016-06-08T18:14:05+0000,,0.19,0,0.81,0.5365,0,POSITIVE,0.849150896072388,,0,0,0
2016-05-24T23:20:48+0000,,0,0,1,0,0,NEGATIVE,-0.986395001411438,,0,0,0
2016-06-01T17:06:00+0000,,0.383,0,0.617,0.7351,0.3,NEGATIVE,-0.900995552539825,best/,1,0.3,0.996064603328705
2017-03-04T15:39:39+0000,,0.345,0,0.655,0.7003,0.125,NEGATIVE,-0.821459412574768,independent/,0,0.125,0.998295485973358
2016-10-04T07:47:23+0000,,0,0,1,0,0,NEGATIVE,-0.988431751728058,,0,0,0
2017-02-06T14:49:41+0000,,0.592,0,0.408,0.4404,0,POSITIVE,0.996975302696228,,0,0,0
2016-11-09T10:32:52+0000,,0.102,0.117,0.781,-0.0516,0.125,NEGATIVE,-0.950597226619721,same/,0,0.125,0.514155149459839
2016-05-24T11:57:43+0000,,0.085,0.121,0.795,-0.0772,0.366666666666667,NEGATIVE,-0.999957323074341,young/older/,0.133333333333333,0.366666666666667,-0.0119093954563141
2016-07-01T18:29:07+0000,,0,0,1,0,0.5,POSITIVE,0.976394772529602,Familiar/,0.375,0.5,0.976394772529602
2017-01-29T01:28:35+0000,,0,0,1,0,1,POSITIVE,0.996353626251221,,0,0,0
2016-06-16T08:32:17+0000,,0.21,0.138,0.652,0.25,0.5,NEGATIVE,-0.996837735176086,much better/,0.5,0.5,0.990906715393066
2016-06-26T12:12:29+0000,,0,1,0,-0.5106,0.5,NEGATIVE,-0.999757468700409,Dumb/,-0.375,0.5,-0.999757468700409
2016-06-22T20:37:42+0000,,0,0,1,0,0,POSITIVE,0.990879654884338,English/,0,0,0.832335770130158
2016-09-26T22:41:08+0000,,0.457,0,0.543,0.6369,0.3,POSITIVE,0.995811104774475,best/,1,0.3,0.996064603328705
2016-06-03T20:18:49+0000,,0,0.261,0.739,-0.6408,0,NEGATIVE,-0.988850772380829,,0,0,0
2016-07-20T08:07:31+0000,,0,0.394,0.606,-0.6369,0,NEGATIVE,-0.999416470527649,biggest/historical/,0,0,0.92870357632637
2017-02-22T16:07:28+0000,,0,0,1,0,0,NEGATIVE,-0.999274671077728,several/,0,0,0.823158323764801
2016-12-22T18:41:49+0000,,0.125,0.282,0.593,-0.5632,0,NEGATIVE,-0.943375468254089,racist/,0,0,-0.999887704849243
2017-02-04T17:17:19+0000,,0.508,0,0.492,0.9081,0.35,POSITIVE,0.954505205154419,,0,0,0
2016-05-21T05:11:18+0000,,0.667,0,0.333,0.6124,1,POSITIVE,0.999295592308044,,0,0,0
2017-03-25T09:32:26+0000,,0,0,1,0,0,NEGATIVE,-0.902289569377899,,0,0,0
2016-07-05T16:13:09+0000,,0,0,1,0,0.675,POSITIVE,0.884863972663879,only ceremonial/,0.025,0.675,-0.577835023403168
2016-05-10T11:24:41+0000,,0.135,0,0.865,0.5719,0.25,NEGATIVE,-0.815183222293854,domestic/,0,0.1,0.997461557388306
2017-03-19T05:55:40+0000,,0.104,0.067,0.828,0.0516,0,POSITIVE,0.601951658725739,,0,0,0
2015-09-11T08:12:58+0000,,0,0.195,0.805,-0.4404,0,POSITIVE,0.540651142597199,lethal/,0,0,-0.89477550983429
2016-07-06T05:00:42+0000,,0,0,1,0,0.541666666666667,NEGATIVE,-0.980580806732178,,0,0,0
2017-01-14T14:45:53+0000,,0,0,1,0,0,NEGATIVE,-0.999919772148132,puss/,0,0,-0.589345157146454
2016-12-10T14:07:06+0000,,0.174,0,0.826,0.2732,0.8125,NEGATIVE,-0.994891047477722,able/,0.5,0.625,0.995519757270813
2016-06-11T05:59:54+0000,,0.242,0.422,0.336,-0.0567,0.9,NEGATIVE,-0.99677050113678,just stupid/racist/,-0.4,0.5,-0.998721957206726
2016-07-01T11:18:44+0000,,0,0,1,0,0,NEGATIVE,-0.98686695098877,,0,0,0
2017-01-12T07:53:42+0000,,0,0.244,0.756,-0.2342,0,NEGATIVE,-0.932690680027008,,0,0,0
2016-11-29T15:48:33+0000,,0.74,0,0.26,0.6901,0.78,POSITIVE,0.98906672000885,very good/,0.91,0.78,0.986887276172638
2017-01-24T07:58:04+0000,,0.149,0,0.851,0.4215,1,POSITIVE,0.995056986808777,,0,0,0
2017-01-20T13:03:20+0000,,0.417,0,0.583,0.8001,0.775,POSITIVE,0.995510935783386,so passionate/,-0.05,0.85,0.99887090921402
2016-06-02T09:19:42+0000,,0,0,1,0,0.5,NEGATIVE,-0.999237537384033,different/how much/again different/,0.0666666666666667,0.466666666666667,-0.279749969641368
2016-05-17T11:48:52+0000,,0.231,0.236,0.533,-0.0164,0,NEGATIVE,-0.985469460487366,,0,0,0
2016-10-26T16:30:00+0000,,0.212,0,0.788,0.4973,0.5,NEGATIVE,-0.998335778713226,racist/blindingly obvious/,0,0.25,-0.999911665916443
2016-05-18T09:12:04+0000,,0.722,0,0.278,0.3818,0,NEGATIVE,-0.929159700870514,dear/,0,0,0.507098197937012
2016-05-26T01:49:11+0000,,0,0,1,0,0.6,NEGATIVE,-0.584823131561279,most expensive/,0,0.6,-0.574544489383698
2017-02-13T20:13:20+0000,,0,0.324,0.676,-0.6908,0.25,NEGATIVE,-0.997579038143158,logical/,0.25,0.25,0.999739468097687
2016-08-16T17:45:43+0000,,0,0.361,0.639,-0.3089,0,NEGATIVE,-0.998574018478394,,0,0,0
2016-09-21T11:17:15+0000,,0,0,1,0,0.625,POSITIVE,0.993679106235504,entire/,0,0.625,0.901889026165009
2016-12-13T21:11:30+0000,,0,0,1,0,0.2,NEGATIVE,-0.997459948062897,Postal/non/digital/,0,0,0.251370032628377
2016-06-23T11:46:28+0000,,0.142,0.119,0.739,0.1027,1,NEGATIVE,-0.991238653659821,,0,0,0
2016-08-09T08:21:05+0000,,0.2,0,0.8,0.3612,0,POSITIVE,0.502005219459534,,0,0,0
2016-11-28T16:10:25+0000,,0,0,1,0,0,POSITIVE,0.999607026576996,,0,0,0
2016-06-07T06:57:26+0000,,0.234,0,0.766,0.6705,0.0666666666666667,POSITIVE,0.808903515338898,less/,-0.166666666666667,0.0666666666666667,-0.734338998794556
2016-07-28T17:24:35+0000,,0.281,0,0.719,0.5106,0,NEGATIVE,-0.603265464305878,labour/,0,0,-0.994558751583099
2016-05-22T12:34:11+0000,,0,0,1,0,0.1,POSITIVE,0.596987307071686,,0,0,0
2017-01-06T22:17:20+0000,,0,0,1,0,0,NEGATIVE,-0.995072662830353,,0,0,0
2016-06-19T13:52:12+0000,,0,0.524,0.476,-0.5106,0,NEGATIVE,-0.967870593070984,,0,0,0
2017-01-01T18:07:37+0000,,0,0.219,0.781,-0.1027,0.614583333333333,NEGATIVE,-0.995838642120361,hard/,-0.291666666666667,0.541666666666667,-0.697110950946808
2016-11-20T08:35:08+0000,,0,0,1,0,0,POSITIVE,0.940357327461243,,0,0,0
2016-06-25T16:24:03+0000,,0.182,0,0.818,0.4404,0.5,POSITIVE,0.884768068790436,way better/general/,0.275,0.5,0.136811017990112
2017-03-20T23:21:45+0000,,0,0.747,0.253,-0.7096,0.9,NEGATIVE,-0.984909594058991,,0,0,0
2016-04-16T08:32:56+0000,,0,0,1,0,0,POSITIVE,0.651900172233582,81bn/,0,0,-0.561521112918854
2016-06-09T07:25:44+0000,,0,0,1,0,0,NEGATIVE,-0.997059762477875,,0,0,0
2016-08-15T12:04:43+0000,,0,0.167,0.833,-0.0516,0,NEGATIVE,-0.760118842124939,Out/,0,0,0.603970408439636
2017-02-03T21:22:50+0000,,0.222,0,0.778,0.4588,0.2,NEGATIVE,-0.971795856952667,legal/accountable/,0.1,0.1,0.988858431577683
2016-06-11T22:37:46+0000,,0,0,1,0,0.3,NEGATIVE,-0.994817197322846,disabled/,-0.2,0.3,-0.990321576595306
2016-10-28T15:21:35+0000,,0,0,1,0,0,NEGATIVE,-0.998800158500671,,0,0,0
2017-03-27T01:26:37+0000,,0.305,0.573,0.122,-0.4939,0,NEGATIVE,-0.998568773269653,,0,0,0
2017-01-08T10:43:12+0000,,0,0.091,0.909,-0.0516,0,POSITIVE,0.991458892822266,post/-/war/,0,0,0.24173229932785
2016-08-05T12:27:10+0000,,0.105,0.056,0.839,0.2732,0.107142857142857,POSITIVE,0.541903078556061,armed/single/automatic/populated/civilian/,-0.0142857142857143,0.0428571428571429,0.592218828201294
2016-11-04T17:14:27+0000,,0.558,0,0.442,0.6486,0,POSITIVE,0.958760619163513,,0,0,0
2017-03-03T17:45:17+0000,,0,0,1,0,0,NEGATIVE,-0.999290585517883,,0,0,0
2017-03-22T08:18:08+0000,,0,0.379,0.621,-0.6705,0.9,NEGATIVE,-0.996906816959381,wrong/,-0.5,0.9,-0.994579553604126
2016-08-20T15:13:24+0000,,0,0.473,0.527,-0.5563,1,NEGATIVE,-0.996727108955383,very angry/,-0.65,1,-0.997348427772522
2016-06-22T20:50:01+0000,,0,0,1,0,0.508333333333333,NEGATIVE,-0.98779171705246,more/same/,0.25,0.3125,0.753401279449463
2017-02-02T08:37:19+0000,,0,0,1,0,0,NEGATIVE,-0.699489235877991,,0,0,0
2017-02-24T15:40:35+0000,,0,0.124,0.876,-0.5037,1,NEGATIVE,-0.998007357120514,fairly extreme/,-0.125,1,0.913182437419891
2017-02-05T15:44:58+0000,,0.238,0,0.762,0.3612,0,POSITIVE,0.984295964241028,,0,0,0
2017-03-28T11:47:48+0000,,0.691,0,0.309,0.7717,0.75,POSITIVE,0.78156703710556,great/,0.8,0.75,0.99007648229599
2017-03-05T16:23:29+0000,,0.429,0,0.571,0.4588,0.3,NEGATIVE,-0.9924196600914,,0,0,0
2017-03-10T17:40:25+0000,,0.369,0,0.631,0.705,1,NEGATIVE,-0.57136881351471,,0,0,0
2016-11-12T17:12:45+0000,,0.369,0,0.631,0.6249,0.625,POSITIVE,0.99743515253067,cockwomble/great/,0.4,0.375,0.0150730609893799
2016-10-13T01:03:47+0000,,0,0,1,0,0.5,NEGATIVE,-0.999580085277557,,0,0,0
2017-03-16T17:16:34+0000,,0.055,0.257,0.688,-0.8832,0.633333333333333,NEGATIVE,-0.99751627445221,muslim/more/most crazy/,0.15,0.4,-0.279583255449931
2016-11-05T20:10:50+0000,,0,0.423,0.577,-0.296,0,NEGATIVE,-0.999960660934448,,0,0,0
2016-11-19T17:01:18+0000,,0.672,0,0.328,0.6249,0.75,POSITIVE,0.991721212863922,Great/,0.8,0.75,0.99007648229599
2016-06-25T15:00:13+0000,,0.296,0,0.704,0.4939,0.5,NEGATIVE,-0.663885831832886,,0,0,0
2017-02-08T09:09:43+0000,,0,0.545,0.455,-0.34,0,NEGATIVE,-0.99877279996872,elderly/,0,0,-0.988067030906677
2016-06-20T00:02:37+0000,,0,0.043,0.957,-0.0516,0.194444444444444,NEGATIVE,-0.998390555381775,political/,0,0.1,0.706426918506622
2016-11-08T17:45:17+0000,,0,0,1,0,1,NEGATIVE,-0.849721431732178,,0,0,0
2017-03-28T14:29:20+0000,,0,0.248,0.752,-0.5106,0.3,NEGATIVE,-0.997972190380096,true/british/,0.175,0.325,0.976925224065781
2017-03-14T00:10:38+0000,,0.249,0,0.751,0.3919,1,POSITIVE,0.967842102050781,own/,0.6,1,0.966281414031982
2017-03-21T01:40:50+0000,,0.286,0,0.714,0.4215,0.7,POSITIVE,0.981623768806458,,0,0,0
2016-07-01T17:11:15+0000,,0,0,1,0,0,POSITIVE,0.698398947715759,,0,0,0
2016-09-17T08:48:43+0000,,0,0,1,0,0.375,NEGATIVE,-0.881137132644653,Other/,-0.125,0.375,0.873019635677338
2017-03-29T12:13:33+0000,,0.285,0,0.715,0.4201,0.375,POSITIVE,0.992290794849396,English/,0,0,0.832335770130158
2016-07-19T17:32:06+0000,,0,0,1,0,0,NEGATIVE,-0.862669944763184,,0,0,0
2016-06-01T18:43:06+0000,,0,0,1,0,0,NEGATIVE,-0.868753910064697,,0,0,0
2016-12-10T07:50:03+0000,,0.123,0.26,0.617,-0.4754,1,NEGATIVE,-0.959725320339203,very sad/,-0.65,1,-0.999409794807434
2016-11-19T20:38:49+0000,,0.177,0,0.823,0.4215,0.433333333333333,POSITIVE,0.710088789463043,nice/big/,0.3,0.55,0.106062084436417
2016-05-30T11:25:25+0000,,0,0,1,0,0,POSITIVE,0.917576789855957,,0,0,0
2016-12-07T23:20:05+0000,,0,0,1,0,0.214285714285714,NEGATIVE,-0.987508833408356,single/,-0.0714285714285714,0.214285714285714,-0.560690581798554
2017-02-04T21:16:39+0000,,0,0,0,0,0,POSITIVE,0.953499794006348,,0,0,0
2016-08-19T02:33:14+0000,,0.294,0.191,0.515,0.7669,0.65,NEGATIVE,-0.996408879756928,fucking/fellow/,-0.3,0.4,0.00341704487800598
2017-02-02T12:23:23+0000,,0.169,0.346,0.485,-0.4417,0.708333333333333,NEGATIVE,-0.99529641866684,bad/,-0.7,0.666666666666667,-0.99867057800293
2016-11-27T04:10:28+0000,,0,0.282,0.718,-0.2411,0.888888888888889,NEGATIVE,-0.993372201919556,though sure/,0.5,0.888888888888889,-0.568463623523712
2016-10-06T19:24:32+0000,,0.474,0,0.526,0.5574,1,POSITIVE,0.994115114212036,,0,0,0
2017-02-24T20:24:18+0000,,0,0,1,0,0.5,NEGATIVE,-0.999945521354675,cold/,-0.6,1,-0.999964356422424
2016-06-25T18:39:39+0000,,0,0.085,0.915,-0.0516,0,POSITIVE,0.993808925151825,,0,0,0
2016-06-05T22:04:56+0000,,0.056,0,0.944,0.0772,0,NEGATIVE,-0.781573057174683,,0,0,0
2016-12-08T12:28:22+0000,,0,0,1,0,0.5,NEGATIVE,-0.992373883724213,More/most/,0.5,0.5,0.969015657901764
2017-01-12T14:10:27+0000,,0,0,1,0,0,NEGATIVE,-0.999472558498383,unreliable/,0,0,-0.999472558498383
2017-01-02T15:23:10+0000,,0,0,1,0,0,NEGATIVE,-0.995716154575348,American/,0,0,0.940539419651032
2016-06-27T06:42:01+0000,,0,0,1,0,0,POSITIVE,0.976383686065674,,0,0,0
2016-12-10T09:07:55+0000,,0,0,1,0,0.5,POSITIVE,0.999330759048462,,0,0,0
2016-11-26T01:21:42+0000,,0,0.216,0.784,-0.7003,0.5,NEGATIVE,-0.992590069770813,frightened/more frightened/,0.25,0.25,-0.980055838823319
2016-06-12T16:38:18+0000,,0,0.234,0.766,-0.6361,0.25,NEGATIVE,-0.994988739490509,more cut/double/,0.25,0.25,0.180890560150146
2016-06-07T21:04:52+0000,,0.185,0,0.815,0.8519,0.363888888888889,POSITIVE,0.868183970451355,greatest/most/unelected/civil/political/next/first/,0.25,0.276190476190476,0.626766264438629
2016-07-23T09:41:29+0000,,0,0.239,0.761,-0.296,0,NEGATIVE,-0.999805629253388,dummy/,0,0,-0.999077439308167
2016-12-03T10:28:08+0000,,0,0.528,0.472,-0.6808,0.65,NEGATIVE,-0.99190217256546,,0,0,0
2017-01-06T15:51:10+0000,,0,0,1,0,0,NEGATIVE,-0.997963786125183,,0,0,0
2016-12-09T19:29:31+0000,,0,0,1,0,0,POSITIVE,0.974993169307709,,0,0,0
2017-03-29T13:41:44+0000,,0,0,1,0,0,NEGATIVE,-0.99960595369339,,0,0,0
2016-05-22T22:31:16+0000,,0.181,0.446,0.374,-0.6444,0.5,NEGATIVE,-0.991313874721527,,0,0,0
2017-03-11T22:43:28+0000,,0.406,0,0.594,0.6249,0.75,POSITIVE,0.998480260372162,great/,0.8,0.75,0.99007648229599
2016-06-16T09:51:19+0000,,0,0.088,0.912,-0.4767,0.55,POSITIVE,0.998662829399109,worse/,-0.4,0.6,-0.999942541122437
2016-09-27T10:30:08+0000,,0.242,0,0.758,0.5842,0.6,POSITIVE,0.707296192646027,Funny/old/,0.175,0.6,-0.00162708759307861
2016-07-02T07:28:47+0000,,0,0.434,0.566,-0.3182,0,NEGATIVE,-0.975300014019013,,0,0,0
2016-06-22T08:58:36+0000,,0,0,1,0,0.11875,POSITIVE,0.995229959487915,annual/private/European/North/American/political/elite/,0,0.0678571428571429,0.723355122974941
2017-01-17T13:34:18+0000,,0.677,0,0.323,0.6369,0.6,POSITIVE,0.990068733692169,,0,0,0
2016-06-18T08:00:01+0000,,0.112,0,0.888,0.34,0.610714285714286,NEGATIVE,-0.999821245670319,normal/non/,0.075,0.325,-0.893358290195465
2016-02-10T11:36:46+0000,,0,0.146,0.854,-0.4404,0.3,NEGATIVE,-0.98944491147995,personal/,0,0.3,0.999259054660797
2016-07-18T22:08:27+0000,,0.172,0,0.828,0.4019,0.125,POSITIVE,0.995857179164887,future/,0,0.125,0.995668888092041
2016-05-28T18:39:32+0000,,0,0,1,0,0,NEGATIVE,-0.996983468532562,,0,0,0
2016-06-25T06:50:21+0000,,0.046,0.238,0.716,-0.8448,0.288888888888889,POSITIVE,0.974136173725128,,0,0,0
2016-08-11T17:24:56+0000,,0,0.276,0.724,-0.296,0,NEGATIVE,-0.998200178146362,,0,0,0
2016-11-25T17:32:32+0000,,0,0.259,0.741,-0.4215,0,NEGATIVE,-0.987836539745331,,0,0,0
2017-01-08T11:50:12+0000,,0,0.294,0.706,-0.3612,0,NEGATIVE,-0.999453365802765,,0,0,0
2017-03-16T00:16:14+0000,,0.071,0.054,0.876,0.1779,0.133333333333333,NEGATIVE,-0.922161877155304,particular/even less/gravy/largest/,0,0.1,0.487274289131165
2016-08-13T21:28:09+0000,,0,0,1,0,0,NEGATIVE,-0.98738831281662,top/comforting/,0.25,0.25,0.986926853656769
2016-11-04T11:32:53+0000,,0,0,1,0,0,NEGATIVE,-0.975356817245483,stray/,0,0,-0.993735790252686
2017-02-18T11:15:08+0000,,0.084,0.256,0.659,-0.6908,0.683333333333333,NEGATIVE,-0.987923920154572,responsible/many/fake/,0.0666666666666667,0.683333333333333,0.307764828205109
2016-07-16T17:12:41+0000,,0.297,0,0.703,0.5859,0.75,POSITIVE,0.988565862178803,lovely/,0.5,0.75,0.99213832616806
2017-02-20T16:49:10+0000,,0.157,0.167,0.676,-0.1027,0.6,POSITIVE,0.924099862575531,legal/powerful/,0.25,0.6,0.987531155347824
2016-12-10T22:02:40+0000,,0,0,1,0,0,POSITIVE,0.940597176551819,,0,0,0
2016-11-29T23:27:00+0000,,0.091,0.104,0.805,0.1531,0,NEGATIVE,-0.992106676101685,pre/,0,0,-0.603272795677185
2017-01-16T16:08:28+0000,,0,0.162,0.838,-0.4019,0,NEGATIVE,-0.998109102249146,damn/impudent/,0,0,-0.865389764308929
2016-05-22T08:26:53+0000,,0,0,1,0,0,POSITIVE,0.97159868478775,,0,0,0
2016-12-08T21:26:22+0000,,0.278,0,0.722,0.6597,0.4,POSITIVE,0.995501935482025,good/choppy/,0.25,0.4,-0.0342587232589722
2016-07-20T23:15:18+0000,,0.286,0.282,0.432,0.0061,0.775,NEGATIVE,-0.999691605567932,fair/true/,0.525,0.775,0.00129091739654541
2016-09-01T11:45:23+0000,,0.385,0,0.615,0.7579,0.7,POSITIVE,0.746680021286011,moderate/,0,0.7,-0.646928489208221
2016-06-15T11:22:05+0000,,0.074,0.097,0.83,-0.3049,0.358928571428571,NEGATIVE,-0.999741852283478,selective/comprehensive/industrial/right/,0.0714285714285714,0.133928571428571,0.475847780704498
2016-08-23T22:25:15+0000,,0,0.219,0.781,-0.1027,0.541666666666667,POSITIVE,0.965530037879944,hard/,-0.291666666666667,0.541666666666667,-0.697110950946808
2017-01-18T08:46:40+0000,,0.167,0.214,0.619,-0.1935,0.3,POSITIVE,0.858863711357117,very/,0.2,0.3,0.594057559967041
2016-07-21T03:27:11+0000,,0,0,1,0,0,POSITIVE,0.94075870513916,,0,0,0
2016-06-27T06:41:33+0000,,0.158,0.047,0.795,0.4118,0,NEGATIVE,-0.613003134727478,fab/,0,0,0.995071947574616
2016-05-13T22:58:06+0000,,0.231,0,0.769,0.2732,0,POSITIVE,0.971447765827179,,0,0,0
2017-01-26T15:39:13+0000,,0,0,1,0,0,POSITIVE,0.996699988842011,,0,0,0
2017-01-05T10:35:54+0000,,0,0.134,0.866,-0.1779,0,NEGATIVE,-0.988632738590241,,0,0,0
2016-07-20T00:04:30+0000,,0,0.744,0.256,-0.4404,0.9,NEGATIVE,-0.998541355133057,Bloody/,-0.8,0.9,-0.999748408794403
2017-03-29T12:31:06+0000,,0,0.219,0.781,-0.1027,0,NEGATIVE,-0.999541282653809,,0,0,0
2017-03-03T15:56:56+0000,,0,0,1,0,0.125,POSITIVE,0.992396771907806,,0,0,0
2017-01-15T10:35:15+0000,,0,0,1,0,0.516666666666667,NEGATIVE,-0.940820753574371,divisive/,0,0,-0.99921977519989
2016-07-27T21:53:21+0000,,0.155,0.131,0.714,0.1027,0,NEGATIVE,-0.956610441207886,,0,0,0
2017-03-21T15:00:04+0000,,0,0.454,0.546,-0.3597,0,NEGATIVE,-0.999474823474884,,0,0,0
2016-05-14T13:43:30+0000,,0.426,0,0.574,0.6369,0,POSITIVE,0.994154870510101,,0,0,0
2016-05-09T20:19:16+0000,,0,0.787,0.213,-0.4019,1,NEGATIVE,-0.605841517448425,Sorry/,-0.5,1,-0.998103499412537
2016-08-08T01:47:27+0000,,0.316,0,0.684,0.7184,0.5,NEGATIVE,-0.997824549674988,better/,0.5,0.5,0.981102883815765
2016-06-19T19:57:18+0000,,0,0.339,0.661,-0.5583,0.4,NEGATIVE,-0.999528884887695,good/,0.7,0.6,0.931395173072815
2017-02-18T08:36:01+0000,,0,0.176,0.824,-0.5927,0.05,NEGATIVE,-0.951514601707459,,0,0,0
2016-06-25T00:13:45+0000,,0,0,1,0,0.1,NEGATIVE,-0.999266564846039,,0,0,0
2017-03-05T15:43:01+0000,,0,0.5,0.5,-0.6124,0,NEGATIVE,-0.999404549598694,racist/,0,0,-0.999887704849243
2017-03-23T10:28:54+0000,,0,0.328,0.672,-0.656,0.9,NEGATIVE,-0.990609169006348,,0,0,0
2017-02-10T23:05:13+0000,,0.193,0,0.807,0.4767,0.535714285714286,POSITIVE,0.992942869663239,Honourable/18th/,0,0,0.986030429601669
2016-12-25T20:47:15+0000,,0,0.174,0.826,-0.4588,0.369047619047619,NEGATIVE,-0.999865055084229,sheer/english/,0,0.375,0.907219380140305
2016-07-24T17:16:15+0000,,0,0,1,0,0,POSITIVE,0.664773106575012,,0,0,0
2016-06-23T21:32:53+0000,,0,0,1,0,0.4,POSITIVE,0.575731694698334,dark/,-0.15,0.4,0.543441832065582
2017-02-13T23:44:00+0000,,0,0,1,0,0,NEGATIVE,-0.999130189418793,,0,0,0
2017-03-14T21:18:11+0000,,0,0,1,0,0.267857142857143,NEGATIVE,-0.910273313522339,,0,0,0
2016-12-10T18:03:13+0000,,0,0,1,0,0,NEGATIVE,-0.99681168794632,,0,0,0
2016-10-13T14:10:07+0000,,0.365,0,0.635,0.3182,0,POSITIVE,0.995230078697205,,0,0,0
2016-11-27T19:47:00+0000,,0,0.383,0.617,-0.4767,0.9,NEGATIVE,-0.955948412418366,wrong/,-0.5,0.9,-0.994579553604126
2016-06-24T16:47:45+0000,,0,0.559,0.441,-0.5859,1,POSITIVE,0.965492606163025,,0,0,0
2017-02-25T23:15:40+0000,,0,0,1,0,0.9,NEGATIVE,-0.997323334217072,,0,0,0
2017-03-19T03:18:32+0000,,0,0,1,0,1,NEGATIVE,-0.849013209342957,irrelevant/,-0.5,1,-0.999802887439728
2017-01-18T21:42:15+0000,,0.366,0.151,0.483,0.4812,0,POSITIVE,0.648988127708435,,0,0,0
2016-06-26T17:16:49+0000,,0,0.154,0.846,-0.2057,0.571428571428571,NEGATIVE,-0.999552667140961,certain/,0.214285714285714,0.571428571428571,0.988804161548615
2017-02-28T06:21:30+0000,,0.118,0,0.882,0.3724,0.1,NEGATIVE,-0.989104270935059,,0,0,0
2016-08-06T18:08:33+0000,,0,0,1,0,0.535714285714286,POSITIVE,0.865031659603119,right/,0.285714285714286,0.535714285714286,0.989590227603912
2017-03-11T12:58:33+0000,,0.108,0.302,0.59,-0.7096,0.15,NEGATIVE,-0.994728267192841,idealogically skewed/unelected/anti/democratic/,0,0,-0.0579273253679276
2017-03-21T14:44:30+0000,,0.265,0.099,0.635,0.7184,0.708333333333333,POSITIVE,0.99572890996933,proud/longest/ever/,0.266666666666667,0.333333333333333,0.284090340137482
2017-02-07T11:46:15+0000,,0,0,1,0,0,POSITIVE,0.986277520656586,,0,0,0
2016-05-19T00:44:46+0000,,0,0,1,0,0,NEGATIVE,-0.995740652084351,,0,0,0
2016-04-04T16:11:27+0000,,0.193,0,0.807,0.5106,0.5,POSITIVE,0.635758936405182,ordinary/,-0.25,0.5,-0.892446100711823
2016-10-20T00:39:50+0000,,0,0,1,0,0.1,POSITIVE,0.980155766010284,blue/,0,0.1,0.941060423851013
2016-11-17T14:03:56+0000,,0,0.151,0.849,-0.5994,0,NEGATIVE,-0.999662280082703,junior/,0,0,0.970493018627167
2016-05-10T13:08:12+0000,,0,0,1,0,0.0666666666666667,NEGATIVE,-0.830630719661713,last/,0,0.0666666666666667,0.641749799251556
2017-03-29T10:13:17+0000,,0.15,0,0.85,0.3182,0.62962962962963,NEGATIVE,-0.908316671848297,sure/more/common/,0.233333333333333,0.62962962962963,0.898524204889933
2017-01-23T22:02:01+0000,,0,0.169,0.831,-0.7269,0.48030303030303,NEGATIVE,-0.99495667219162,last/new/about/worst/small/,-0.222727272727273,0.384242424242424,0.0508460283279419
2016-12-05T02:30:22+0000,,0.412,0,0.588,0.6808,0.45,NEGATIVE,-0.513534963130951,fine/,0.416666666666667,0.5,0.848024964332581
2016-09-15T17:00:05+0000,,0,0.366,0.634,-0.6369,0.866666666666667,NEGATIVE,-0.970760881900787,outrageous/expensive/unnecessary/legislative/,-0.475,0.65,-0.0211444348096848
2016-11-07T04:44:50+0000,,0,0,1,0,0,NEGATIVE,-0.809589445590973,European/Royal/prerogative/,0,0,0.889721731344859
2016-05-22T16:09:04+0000,,0.033,0,0.967,0.0762,0.875,NEGATIVE,-0.84278005361557,corrupt/able/own/,0.2,0.875,0.321059584617615
2016-06-13T12:47:51+0000,,0,0,1,0,1,NEGATIVE,-0.816696166992188,only/sensible/,0,0.5,0.770099401473999
2016-11-06T14:02:51+0000,,0.202,0,0.798,0.4201,0.625,POSITIVE,0.518895506858826,most/,0.5,0.5,0.945383906364441
2017-01-06T12:06:18+0000,,0,0,1,0,0,POSITIVE,0.832152843475342,,0,0,0
2016-09-15T13:42:11+0000,,0,0,1,0,0,NEGATIVE,-0.999241471290588,,0,0,0
2016-10-07T02:40:30+0000,,0.474,0,0.526,0.4019,0,POSITIVE,0.998666167259216,,0,0,0
2016-06-24T21:44:30+0000,,0,0.472,0.528,-0.91,0.525,NEGATIVE,-0.990291178226471,nasty/,-1,1,-0.997622072696686
2017-02-19T12:41:55+0000,,0,0,1,0,0,NEGATIVE,-0.998566329479218,,0,0,0
2016-02-19T17:11:15+0000,,0.162,0,0.838,0.4019,0,NEGATIVE,-0.554976403713226,,0,0,0
2016-10-20T19:03:38+0000,,0.383,0,0.617,0.7552,0.829166666666667,POSITIVE,0.845205664634705,critical/nice/,0.3,0.9,0.166034489870071
2016-11-25T20:25:02+0000,,0.574,0,0.426,0.4019,0,POSITIVE,0.847802996635437,,0,0,0
2017-03-18T17:36:30+0000,,0.132,0.16,0.708,-0.1531,0,POSITIVE,0.803564071655273,Scottish/,0,0,0.994728028774262
2017-02-19T16:03:06+0000,,0.344,0,0.656,0.2732,0.535714285714286,POSITIVE,0.993532180786133,right/,0.285714285714286,0.535714285714286,0.989590227603912
2017-03-04T11:19:36+0000,,0,0,1,0,0,POSITIVE,0.826404094696045,,0,0,0
2017-05-08T09:12:05+0000,,0,0,1,0,0,NEGATIVE,-0.582886338233948,,0,0,0
2016-11-04T01:09:37+0000,,0,0,1,0,0,NEGATIVE,-0.985783219337463,,0,0,0
2016-04-23T21:37:55+0000,,0,0,1,0,0,POSITIVE,0.946475088596344,,0,0,0
2016-03-13T19:44:02+0000,,0.133,0,0.867,0.3182,0.255,POSITIVE,0.980201780796051,central/,0,0.25,0.943311512470245
2016-06-17T09:37:36+0000,,0,0,1,0,0.4125,NEGATIVE,-0.999882102012634,independent/credible/,0.2,0.4125,0.995584934949875
2016-08-08T15:50:26+0000,,0.213,0,0.787,0.765,0.458333333333333,NEGATIVE,-0.99728274345398,better/rich/foreign/,0.25,0.458333333333333,0.329263925552368
2016-11-26T17:34:50+0000,,0.126,0,0.874,0.3182,0.9,NEGATIVE,-0.999819219112396,huge/,0.4,0.9,-0.914151728153229
2016-12-30T16:56:18+0000,,0.232,0.132,0.636,0.296,0.9,NEGATIVE,-0.994591534137726,funny/dirty/,-0.175,0.9,-0.00155332684516907
2016-07-28T11:32:46+0000,,0,0.324,0.676,-0.34,0,NEGATIVE,-0.997644126415253,,0,0,0
2017-03-02T15:11:28+0000,,0,0,1,0,0,NEGATIVE,-0.999583423137665,,0,0,0
2017-03-01T12:00:21+0000,,0.225,0,0.775,0.7876,0,NEGATIVE,-0.990622341632843,,0,0,0
2016-10-05T01:00:49+0000,,0,0,1,0,0,NEGATIVE,-0.501157224178314,,0,0,0
2016-11-04T05:06:52+0000,,0,0.107,0.893,-0.0516,0.3,NEGATIVE,-0.999162435531616,whole/,0.2,0.4,0.986696541309357
2016-02-27T15:00:13+0000,,0,0.5,0.5,-0.6124,0,NEGATIVE,-0.996390521526337,RACIST/,0,0,-0.999887704849243
2016-09-06T09:35:11+0000,,0,0,1,0,0.25,NEGATIVE,-0.746630370616913,other/same/non/,-0.0416666666666667,0.166666666666667,0.15460213025411
2017-03-21T13:48:55+0000,,0.189,0,0.811,0.4215,0.333333333333333,POSITIVE,0.58758419752121,united/,0,0,0.9987553358078
2016-08-15T21:12:03+0000,,0,0,1,0,0,NEGATIVE,-0.678427815437317,,0,0,0
2016-12-27T10:11:18+0000,,0,0.394,0.606,-0.5994,0,POSITIVE,0.601527810096741,,0,0,0
2017-02-16T15:52:45+0000,,0.122,0.518,0.36,-0.8689,1,NEGATIVE,-0.998486757278442,NickiI/evil/,-0.5,0.5,-0.130832582712173
2017-01-07T13:36:20+0000,,0.485,0,0.515,0.5719,1,NEGATIVE,-0.823623776435852,,0,0,0
2016-04-23T09:44:20+0000,,0.385,0,0.615,0.3612,0,POSITIVE,0.990177571773529,,0,0,0
2017-02-03T08:39:02+0000,,0,0.264,0.736,-0.7003,0.35,NEGATIVE,-0.995641469955444,unwarranted/Germanophobic/irrefutable/unhealthy/German/,-0.08,0.14,-0.880255830287933
2017-03-25T01:12:22+0000,,0,0,1,0,0,NEGATIVE,-0.983104109764099,,0,0,0
2016-09-14T09:06:05+0000,,0,0.383,0.617,-0.4767,0.6,NEGATIVE,-0.999991893768311,even worse/,-0.4,0.6,-0.999989032745361
2016-12-19T17:34:35+0000,,0.083,0.133,0.785,-0.5423,0.407142857142857,NEGATIVE,-0.994121849536896,Most/good/racist/left/similar/right/,0.247619047619048,0.339285714285714,-0.00543339053789775
2016-08-23T22:10:51+0000,,0,0,1,0,0,NEGATIVE,-0.991387069225311,offencive/,0,0,-0.9999760389328
2016-12-27T19:49:35+0000,,0,0.146,0.854,-0.0516,0,POSITIVE,0.991744816303253,,0,0,0
2016-07-17T13:26:57+0000,,0.293,0.103,0.603,0.296,0,NEGATIVE,-0.788526058197022,,0,0,0
2016-11-25T21:50:40+0000,,0,0,1,0,0,POSITIVE,0.671053886413574,,0,0,0
2016-11-03T10:45:37+0000,,0,0,1,0,0.2,NEGATIVE,-0.82801628112793,Factual/,0,0,0.99939239025116
2017-03-04T20:12:30+0000,,0.105,0.059,0.837,0.2732,0.391035353535354,POSITIVE,0.622343301773071,various/hard soft/left/more technocratic/,0.101041666666667,0.361458333333333,0.0512080490589142
2016-12-28T10:28:54+0000,,0,0,1,0,0,NEGATIVE,-0.99831485748291,,0,0,0
2017-03-12T17:20:27+0000,,0,0,1,0,0,NEGATIVE,-0.569882988929749,British/,0,0,0.95611697435379
2016-07-15T17:35:14+0000,,0,0.351,0.649,-0.4019,0,NEGATIVE,-0.997678458690643,,0,0,0
2016-11-28T10:10:11+0000,,0.245,0,0.755,0.5023,0.5,NEGATIVE,-0.888586103916168,greater/,0.5,0.5,0.997711777687073
2016-06-25T15:43:57+0000,,1,0,0,0.4215,0.7,POSITIVE,0.737392902374268,,0,0,0
2017-03-11T19:09:26+0000,,0,0.262,0.738,-0.6597,1,NEGATIVE,-0.997559547424316,ridiculous/,-0.333333333333333,1,-0.999446213245392
2017-01-31T00:42:23+0000,,0,0.5,0.5,-0.6124,0,NEGATIVE,-0.999017477035523,,0,0,0
2017-01-28T16:33:09+0000,,0.583,0,0.417,0.4201,0.75,POSITIVE,0.870826125144959,,0,0,0
2016-08-28T11:01:56+0000,,0,0,1,0,0,NEGATIVE,-0.995514333248138,British/,0,0,0.95611697435379
2016-10-11T22:16:23+0000,,0.808,0,0.192,0.6369,0.6,POSITIVE,0.996500372886658,,0,0,0
2016-06-25T12:57:58+0000,,0,0,1,0,0,NEGATIVE,-0.892047643661499,,0,0,0
2016-09-19T15:43:24+0000,,0,0,1,0,0,POSITIVE,0.934105157852173,,0,0,0
2016-07-10T11:43:08+0000,,0,0,1,0,0,POSITIVE,0.54687362909317,,0,0,0
2016-06-20T21:26:55+0000,,0.792,0,0.208,0.5859,1,POSITIVE,0.999062240123749,how charming/,0.7,1,0.999062240123749
2016-10-19T13:48:42+0000,,0,0,1,0,0,NEGATIVE,-0.999943852424622,,0,0,0
2016-10-16T16:47:28+0000,,0.531,0,0.469,0.5256,1,POSITIVE,0.998983204364777,impressed/,1,1,0.996187746524811
2016-07-22T20:15:12+0000,,0.172,0,0.828,0.3612,0,POSITIVE,0.971511244773865,,0,0,0
2016-08-12T13:08:16+0000,,0,0.169,0.831,-0.7579,0.4,POSITIVE,0.997769117355347,eyesight/dead/correct/,-0.0666666666666667,0.133333333333333,0.329521457354228
2016-07-22T16:01:41+0000,,0,0,1,0,0.333333333333333,NEGATIVE,-0.912401556968689,first/,0.25,0.333333333333333,0.912291407585144
2017-01-22T22:14:09+0000,,0.129,0.478,0.393,-0.7351,0.35,NEGATIVE,-0.999691247940064,frustrated/disillusioned/meaningful/,-0.0666666666666667,0.233333333333333,-0.333363950252533
2016-09-05T15:58:37+0000,,0.072,0.024,0.904,0.6705,0.529329004329004,POSITIVE,0.927032828330994,right/as tight/Londonextensive/former/new/nearest/,0.0405844155844156,0.212662337662338,0.678748081127803
2016-10-31T09:41:01+0000,,0,0.051,0.949,-0.1027,0.464285714285714,NEGATIVE,-0.999579608440399,most/large/med/,0.238095238095238,0.30952380952381,0.21783592303594
2016-07-05T16:45:21+0000,,0.185,0,0.815,0.3612,0.375,NEGATIVE,-0.97442752122879,other/alright/,-0.0625,0.1875,0.125482589006424
2016-07-09T22:28:21+0000,,0,0.608,0.392,-0.4767,0,NEGATIVE,-0.999603569507599,,0,0,0
2016-06-29T12:04:30+0000,,0,0.18,0.82,-0.296,0,NEGATIVE,-0.9764284491539,French/,0,0,0.969910562038422
2016-11-06T15:42:36+0000,,0.088,0,0.912,0.4019,0.617857142857143,POSITIVE,0.992066621780396,undemocratic/,0,0,-0.996403574943543
2017-01-21T22:29:17+0000,,0,0,1,0,0,NEGATIVE,-0.987736523151398,,0,0,0
2016-12-16T13:41:49+0000,,0.31,0.315,0.375,0.4466,0,NEGATIVE,-0.985645592212677,RICHER/,0,0,0.998473823070526
2016-06-24T00:06:00+0000,,0.722,0,0.278,0.3818,0,NEGATIVE,-0.777433812618256,,0,0,0
